Image URL,Div ID,Link
"https://images-na.ssl-images-amazon.com/images/I/71ZDqv1L5aL._AC_UL300_SR300,200_.jpg",B084CT24NM,https://www.amazon.com/Rain-X-Latitude-Water-Repellency-Wiper/dp/B084CT24NM/ref=zg_bs_g_automotive_d_sccl_1/131-3190249-4278201?psc=1
"https://images-na.ssl-images-amazon.com/images/I/71oWlT0bdsL._AC_UL300_SR300,200_.jpg",B0C1Y8Z6VT,https://www.amazon.com/Mount%E3%80%9020-Magnets%E3%80%91Magnetic-Dashboard%E3%80%90360%C2%B0-Rotation%E3%80%91Hands-Accessories/dp/B0C1Y8Z6VT/ref=zg_bs_g_automotive_d_sccl_2/131-3190249-4278201?psc=1
"https://images-na.ssl-images-amazon.com/images/I/717n+0jibbL._AC_UL300_SR300,200_.jpg",B0C1HJV7BJ,https://www.amazon.com/Drift-Car-Air-Freshener-Eliminator/dp/B0C1HJV7BJ/ref=zg_bs_g_automotive_d_sccl_3/131-3190249-4278201?psc=1
"https://images-na.ssl-images-amazon.com/images/I/71xh1h5KfrL._AC_UL300_SR300,200_.jpg",B00J00X5YO,https://www.amazon.com/Mobil-120758-Advanced-Synthetic-Motor/dp/B00J00X5YO/ref=zg_bs_g_automotive_d_sccl_4/131-3190249-4278201?psc=1
"https://images-na.ssl-images-amazon.com/images/I/71YLxhnPUxL._AC_UL300_SR300,200_.jpg",B081T7N948,https://www.amazon.com/Cleaning-Universal-Detailing-Automotive-Interior/dp/B081T7N948/ref=zg_bs_g_automotive_d_sccl_5/131-3190249-4278201?psc=1
"https://images-na.ssl-images-amazon.com/images/I/A1U4ZA-OJmS._AC_UL300_SR300,200_.jpg",B08BRJHJF9,https://www.amazon.com/Microfiber-Cleaning-Cloth-Performance-Washes/dp/B08BRJHJF9/ref=zg_bs_g_automotive_d_sccl_6/131-3190249-4278201?psc=1
"https://images-na.ssl-images-amazon.com/images/I/91WjG1lqmLL._AC_UL300_SR300,200_.jpg",B009FUF6DM,https://www.amazon.com/Amazon-Basics-Microfiber-Absorbent-Non-Abrasive/dp/B009FUF6DM/ref=zg_bs_g_automotive_d_sccl_7/131-3190249-4278201?psc=1
"https://images-na.ssl-images-amazon.com/images/I/71aXdmTTj-L._AC_UL300_SR300,200_.jpg",B084RQKLV8,https://www.amazon.com/CERAKOTE-Ceramic-Headlight-Restoration-Kit/dp/B084RQKLV8/ref=zg_bs_g_automotive_d_sccl_8/131-3190249-4278201?psc=1
"https://images-na.ssl-images-amazon.com/images/I/81xccMDEjkL._AC_UL300_SR300,200_.jpg",B07W46BX31,https://www.amazon.com/NOCO-GENIUS1-Fully-Automatic-Temperature-Compensation/dp/B07W46BX31/ref=zg_bs_g_automotive_d_sccl_9/131-3190249-4278201?psc=1
"https://images-na.ssl-images-amazon.com/images/I/7135x1GIZDL._AC_UL300_SR300,200_.jpg",B00GZKC6EW,https://www.amazon.com/Valvoline-SynPower-0W-20-Synthetic-Motor/dp/B00GZKC6EW/ref=zg_bs_g_automotive_d_sccl_10/131-3190249-4278201?psc=1
"https://images-na.ssl-images-amazon.com/images/I/71hJgp07X1L._AC_UL300_SR300,200_.jpg",B015TKUPIC,https://www.amazon.com/NOCO-GB40-UltraSafe-Lithium-Starter/dp/B015TKUPIC/ref=zg_bs_g_automotive_d_sccl_11/131-3190249-4278201?psc=1
"https://images-na.ssl-images-amazon.com/images/I/5102UAfkhjL._AC_UL300_SR300,200_.jpg",B0BZZDPPRX,https://www.amazon.com/All-Purpose-Stainless-Squeegee-Adhesive-Household/dp/B0BZZDPPRX/ref=zg_bs_g_automotive_d_sccl_12/131-3190249-4278201?psc=1
"https://images-na.ssl-images-amazon.com/images/I/716tSu7xkqL._AC_UL300_SR300,200_.jpg",B07QR4Q42L,https://www.amazon.com/AstroAI-Portable-Compressor-Inflator-Motorcycle/dp/B07QR4Q42L/ref=zg_bs_g_automotive_d_sccl_13/131-3190249-4278201?psc=1
"https://images-na.ssl-images-amazon.com/images/I/61KElcCN4BL._AC_UL300_SR300,200_.jpg",B01G5EA74I,https://www.amazon.com/ANCEL-AD310-Enhanced-Universal-Diagnostic/dp/B01G5EA74I/ref=zg_bs_g_automotive_d_sccl_14/131-3190249-4278201?psc=1
"https://images-na.ssl-images-amazon.com/images/I/61vXXA6ZaXS._AC_UL300_SR300,200_.jpg",B000B68V6I,https://www.amazon.com/STA-BIL-22214-Fuel-Stabilizer-Fluid_Ounces/dp/B000B68V6I/ref=zg_bs_g_automotive_d_sccl_15/131-3190249-4278201?psc=1
"https://images-na.ssl-images-amazon.com/images/I/71mOe1aN15L._AC_UL300_SR300,200_.jpg",B08C7K99WW,https://www.amazon.com/AstroAI-Microfiber-Windshield-Telescopic-Extendable/dp/B08C7K99WW/ref=zg_bs_g_automotive_d_sccl_16/131-3190249-4278201?psc=1
"https://images-na.ssl-images-amazon.com/images/I/61gZJT-2uLL._AC_UL300_SR300,200_.jpg",B00GZKC36I,https://www.amazon.com/Valvoline-Mileage-MaxLife-Technology-Synthetic/dp/B00GZKC36I/ref=zg_bs_g_automotive_d_sccl_17/131-3190249-4278201?psc=1
"https://images-na.ssl-images-amazon.com/images/I/71g+-iAW9YL._AC_UL300_SR300,200_.jpg",B084CVBJDF,https://www.amazon.com/Rain-X-WeatherBeater-Wiper-Blade-22/dp/B084CVBJDF/ref=zg_bs_g_automotive_d_sccl_18/131-3190249-4278201?psc=1
"https://images-na.ssl-images-amazon.com/images/I/81Fcz9Q4NpL._AC_UL300_SR300,200_.jpg",B0CYT2JKRP,https://www.amazon.com/HOMEXCEL-Microfiber-Cleaning-Absorbent-Washing/dp/B0CYT2JKRP/ref=zg_bs_g_automotive_d_sccl_19/131-3190249-4278201?psc=1
"https://images-na.ssl-images-amazon.com/images/I/81dyNdzUmxL._AC_UL300_SR300,200_.jpg",B094DMH7ZM,https://www.amazon.com/Airmoto-Tire-Inflator-Air-Compressor/dp/B094DMH7ZM/ref=zg_bs_g_automotive_d_sccl_20/131-3190249-4278201?psc=1
"https://images-na.ssl-images-amazon.com/images/I/71RRj6kPMbL._AC_UL300_SR300,200_.jpg",B06X9L4WBQ,https://www.amazon.com/Anodized-Corrosion-Resistant-Universal-Motorcycles/dp/B06X9L4WBQ/ref=zg_bs_g_automotive_d_sccl_21/131-3190249-4278201?psc=1
"https://images-na.ssl-images-amazon.com/images/I/71Wm2aTYp5L._AC_UL300_SR300,200_.jpg",B07VCVCTHC,https://www.amazon.com/Bosch-Wiper-Blades-Chevrolet-Frustration/dp/B07VCVCTHC/ref=zg_bs_g_automotive_d_sccl_22/131-3190249-4278201?psc=1
"https://images-na.ssl-images-amazon.com/images/I/71e6JTfk-lL._AC_UL300_SR300,200_.jpg",B071ZTPRJL,https://www.amazon.com/Chemical-Guys-Total-Interior-Protectant-Cleaner-Dashboard/dp/B071ZTPRJL/ref=zg_bs_g_automotive_d_sccl_23/131-3190249-4278201?psc=1
"https://images-na.ssl-images-amazon.com/images/I/718mhLpxhVL._AC_UL300_SR300,200_.jpg",B07L6FJGR4,https://www.amazon.com/GOOACC-Retainer-Plastic-Fasteners-Chrysler/dp/B07L6FJGR4/ref=zg_bs_g_automotive_d_sccl_24/131-3190249-4278201?psc=1
"https://images-na.ssl-images-amazon.com/images/I/71cTysOgcaL._AC_UL300_SR300,200_.jpg",B08MF169LF,https://www.amazon.com/AUTOBOO-Quality-All-Seasons-Windshield-windshield/dp/B08MF169LF/ref=zg_bs_g_automotive_d_sccl_25/131-3190249-4278201?psc=1
"https://images-na.ssl-images-amazon.com/images/I/71jM9zMPowL._AC_UL300_SR300,200_.jpg",B0CWQ8QMKT,https://www.amazon.com/SINGARO-Silicone-Universal-Non-Slip-Accessories/dp/B0CWQ8QMKT/ref=zg_bs_g_automotive_d_sccl_26/131-3190249-4278201?psc=1
"https://images-na.ssl-images-amazon.com/images/I/71JfTGoHzqL._AC_UL300_SR300,200_.jpg",B0CS3B7MD8,https://www.amazon.com/AstroAI-L7-Inflator-Compressor-Motorcycles/dp/B0CS3B7MD8/ref=zg_bs_g_automotive_d_sccl_27/131-3190249-4278201?psc=1
"https://images-na.ssl-images-amazon.com/images/I/71rmKHGsGFL._AC_UL300_SR300,200_.jpg",B003IS3HV0,https://www.amazon.com/Leather-Honey-Conditioner-Furniture-Accessories/dp/B003IS3HV0/ref=zg_bs_g_automotive_d_sccl_28/131-3190249-4278201?psc=1
"https://images-na.ssl-images-amazon.com/images/I/514+IO8zXBL._AC_UL300_SR300,200_.jpg",B0C1HFX3JN,https://www.amazon.com/Drift-Car-Air-Freshener-Eliminator/dp/B0C1HFX3JN/ref=zg_bs_g_automotive_d_sccl_29/131-3190249-4278201?psc=1
"https://images-na.ssl-images-amazon.com/images/I/91dpF1-JYyL._AC_UL300_SR300,200_.jpg",B07663VCT3,https://www.amazon.com/Installer-Champ-Premium-Breathe-Activated/dp/B07663VCT3/ref=zg_bs_g_automotive_d_sccl_30/131-3190249-4278201?psc=1
